{"topicList":["0\t0.033\tinformation (67) connection (64) ","1\t0.041\tmade (90) principal (81) ","2\t0.075\tagent (277) date (222) ","3\t0.078\tsubsidiary (237) person (211) ","4\t0.037\trequired (86) clause (70) ","5\t0.028\tsimilar (68) year (46) ","6\t0.096\tborrower (371) lender (300) ","7\t0.066\tborrower (385) agreement (131) ","8\t0.033\tordinary (54) receipt (54) ","9\t0.048\tcollateral (81) obligation (66) ","10\t0.027\tbody (31) shares (29) ","11\t0.034\tamount (159) period (114) ","12\t0.050\tsectionnumber (143) documents (98) ","13\t0.067\trespect (206) time (149) ","14\t0.048\tsubsidiaries (246) aggregate (88) ","15\t0.044\tinterest (112) obligations (108) ","16\t0.038\tforeign (89) financial (88) ","17\t0.036\tnotice (74) warrants (67) ","18\t0.069\tloan (341) applicable (178) ","19\t0.052\tincluding (146) governing (78) "],"headers":"ex-10.8 3 d674966dex108.htm ex-10.8 ex-10.8 exhibit 10.8    second amended and restated guarantee and collateral agreement made by sba communications corporation, sba telecommunications, inc., sba senior finance, inc., sba senior finance ii llc and certain of its subsidiaries in favor of toronto dominion (texas) llc, as administrative agent dated as of february7, 2014    ","title":"EX-10.8","tableOfContent":"table of contents      page  section1.  defined terms   2  1.1  definitions   2  1.2  other definitional provisions   7  section2.  guarantee   7  2.1  guarantee   7  2.2  right of contribution   8  2.3  subrogation   9  2.4  amendments, etc. with respect to the borrower obligations   9  2.5  guarantee absolute and unconditional   10  2.6  reinstatement   12  2.7  payments   12  section3.  grant of security interest   12  3.1  grantor security interest   12  section4.  representations and warranties   14  4.1  representations in credit agreement; the parents and holdings representations   14  4.2  title; no other liens   17  4.3  perfected first priority liens   17  4.4  jurisdiction of organization; chief executive office   18  4.5  inventory and equipment   18  4.6  farm products   18  4.7  investment property   18  4.8  receivables   18  4.9  intellectual property   19  section5.  covenants   19  5.1  covenants in credit agreement   19  5.2  delivery of instruments and chattel paper   19  5.3  maintenance of insurance   20  5.4  payment of obligations   20  5.5  maintenance of perfected security interest; further documentation   20  5.6  changes in locations, name, etc.   21  5.7  notices   21  5.8  investment property   21  5.9  receivables   23  5.10  intellectual property   23  section6.  remedial provisions   25  6.1  certain matters relating to receivables   25  6.2  communications with obligors; grantors remain liable   25  6.3  pledged stock   26   -i-     page  6.4  proceeds to be turned over to administrative agent   27  6.5  application of proceeds   27  6.6  code and other remedies   28  6.7  registration rights   29  6.8  subordination   30  6.9  waiver; deficiency   30  section7.  the administrative agent   30  7.1  administrative agents appointment as attorney-in-fact, etc.   30  7.2  duty of administrative agent   32  7.3  execution of financing statements   32  7.4  authority of administrative agent   34  section8.  miscellaneous   33  8.1  amendments in writing   33  8.2  notices   33  8.3  no waiver by course of conduct; cumulative remedies   33  8.4  enforcement expenses; indemnification   33  8.5  successors and assigns   34  8.6  set-off   34  8.7  counterparts   34  8.8  severability   35  8.9  section headings   35  8.10  integration   35  8.11  governing law   35  8.12  submission to jurisdiction; waivers   35  8.13  acknowledgments   36  8.14  additional grantors   36  8.15  releases   36  8.16  waiver of jury trial   37   -ii- ","sectionList":[{"sectionNumber":"1 definition","sectionContent":"s section"},{"sectionNumber":"i definiti","sectionContent":"ons section "},{"sectionNumber":"1.02. classification of loans and borrowings","sectionContent":". for purposes of this agreement, loans may be classified and referred to by class (e.g., a revolving loan) or by type (e.g., a eurodollar loan) or by class and type (e.g., a eurodollar revolving loan). borrowings also may be classified and referred to by class (e.g., a revolving borrowing) or by type (e.g., a eurodollar borrowing) or by class and type (e.g., a eurodollar revolving borrowing). section "}],"definedTermList":[{"term":"acceptable price","definition":" has the meaning specified in section2.05(b). acceptance date"},{"term":"acceptance date","definition":" has the meaning specified in section2.05(b). acquisition"},{"term":"acquisition","definition":" means, with respect to any person, the acquisition by such person, in a single transaction or in a series of related transactions, of either (a)all or any substantial portion of the property of, or a line of business, product line, or division of, another person or (b)equity interests of another person such that after giving effect to such acquisition such other person shall be a subsidiary, in each case whether or not involving a merger or consolidation with such other person. administrative agent"},{"term":"administrative agent","definition":" means bank of america in its capacity as administrative agent under any of the loan documents, or any successor administrative agent. administrative agents office"},{"term":"administrative agents office","definition":" means the administrative agents address and, as appropriate, account as set forth on schedule11.02 or such other address or account as the administrative agent may from time to time notify the borrower and the lenders. administrative questionnaire"},{"term":"administrative questionnaire","definition":" means an administrative questionnaire in a form provided by the administrative agent. affiliate"},{"term":"affiliate","definition":" means, with respect to any person, another person that directly, or indirectly through one or more intermediaries, controls or is controlled by or is under common control with the person specified. aggregate revolving commitments"},{"term":"aggregate revolving commitments","definition":" means the revolving commitments of all the lenders. the amount of the aggregate revolving commitments in effect on the fifth amendment closing date is eight hundred fifty million dollars ($850,000,000). agreement"},{"term":"agreement","definition":" means this credit agreement.  1 applicable discount"},{"term":"applicable discount","definition":" has the meaning specified in section2.05(b). applicable percentage"},{"term":"applicable percentage","definition":" means with respect to any lender at any time, (a)with respectto such lenders revolving commitmentat any time, the percentage (carried out to the ninth decimal place) of theaggregate revolving commitments represented by such lenders revolving commitment at such time, subject to adjustment as provided in section2.15; provided that if the commitment of each lender to make revolving loans and the obligation of the l/c issuer to make l/c credit extensions have been terminated pursuant to section9.02 or if the aggregate revolving commitments have expired, then the applicable percentage of each lender shall be determined based on the applicable percentage of such lender most recently in effect, giving effect to any subsequent assignments; and (b)with respect tosuch lenders portion of the outstanding term loanat any time, the percentage (carried out to the ninth decimal place) of the outstanding principal amount ofthe term loan held by such lender at such time subject to adjustment as provided in section2.15. the initial applicable percentage of each lender is set forth opposite the name of such lender on schedule 2.01 or in the assignment and assumption pursuant to which such lender becomes a party hereto or in any documentation executed by such lender pursuant to section2.16(a), as applicable. applicable period"},{"term":"applicable period","definition":" means the period of the four fiscal quarters most recently ended for which the borrower has delivered financial statements pursuant to section7.01(a) or (b). applicable rate"},{"term":"applicable rate","definition":" means the following percentages per annum, based upon the consolidated total leverage ratio as set forth in the most recent compliance certificate received by the administrative agent pursuant to section7.02(b):  pricing tier  consolidated total leverage ratio  eurodollarrate loans  baserate loans  commitmentfee 1  < 1.25:1.0  1.25%  0.25%  0.20% 2   1.25:1.0 but < 2.25:1.0  1.50%  0.50%  0.25% 3   2.25:1.0 but < 3.25:1.0  1.75%  0.75%  0.30% 4   3.25:1.0 but < 4.25:1.0  2.00%  1.00%  0.35% 5   4.25:1.0  2.50%  1.50%  0.40% any increase or decrease in the applicable rate resulting from a change in the consolidated total leverage ratio shall become effective as of the first business day immediately following the date a compliance certificate is required to be delivered pursuant to section7.02(b); provided, however, that if a compliance certificate is not delivered when due in accordance with such section, then, upon the request of the required lenders, pricing tier 5 shall apply as of the first business day after the date on which such compliance certificate was required to have been delivered and shall remain in effect until the date on which such compliance certificate is delivered in accordance with section7.02(b). the applicable rate in effect (a)prior to the fifth amendment closing date shall be determined in accordance with the above and (b)from the fifth amendment closing date through the first business day immediately following the date a compliance certificate is required to be delivered pursuant to section7.02(b) for the fiscal quarter ending december31, 2013 shall be determined based upon pricing tier 4. notwithstanding anything to the contrary contained in this definition, the determination of the applicable rate for any period shall be subject to the provisions of section2.10(b). approved bank"},{"term":"approved bank","definition":" has the meaning specified in the definition of cash equivalents. approved foreign bank"},{"term":"approved foreign bank","definition":" means any bank, trust company or national banking association incorporated under the laws of any country (other than the united states) having combined capital and  2 surplus retained earnings of the local currency counter value of at least $100,000,000 and having a rating of a, its equivalent or higher by standard& poors corporation or moodys investors service, inc. (or, if neither such organization shall rate such institution at any time, by any nationally recognized rating organization in the country). approved fund"},{"term":"approved fund","definition":" means any fund that is administered or managed by (a)a lender, (b)an affiliate of a lender or (c)an entity or an affiliate of an entity that administers or manages a lender. arranger"},{"term":"arranger","definition":" means each of (a)mlpfs, in its capacity as joint lead arranger and joint book manager and (b)any other person designated as a lead arranger, book manager or bookrunner on the cover page of this agreement or any amendment, modification or supplement of this agreement. assignee group"},{"term":"assignee group","definition":" means two or more eligible assignees that are affiliates of one another or two or more approved funds managed by the same investment advisor. assignment and assumption"},{"term":"assignment and assumption","definition":" means an assignment and assumption entered into by a lender and an assignee (with the consent of any party whose consent is required by section11.06(b)), and accepted by the administrative agent, in substantially the form of exhibit 11.06 or any other form (including electronic documentation generated by use of an electronic platform) approved by the administrative agent. attributable indebtedness"},{"term":"attributable indebtedness","definition":" means, with respect to any person on any date, (a)in respect of any capital lease, the capitalized amount thereof that would appear on a balance sheet of such person prepared as of such date in accordance with gaap, (b)in respect of any synthetic lease, the capitalized amount of the remaining lease payments under the relevant lease that would appear on a balance sheet of such person prepared as of such date in accordance with gaap if such lease were accounted for as a capital lease, (c)in respect of any securitization transaction, the outstanding principal amount of such financing, after taking into account reserve accounts and making appropriate adjustments, determined by the borrower in its reasonable judgment and (d)in respect of any sale and leaseback transaction, the present value (discounted in accordance with gaap at the debt rate implied in the applicable lease) of the obligations of the lessee for rental payments during the term of such lease). audited financial statements"},{"term":"audited financial statements","definition":" means the audited consolidated balance sheet of the borrower and its subsidiaries for the fiscal year ended june30, 2013, and the related consolidated statements of income or operations, shareholders equity and cash flows of the borrower and its subsidiaries for such fiscal year, including the notes thereto. auto borrow agreement"},{"term":"auto borrow agreement","definition":" has the meaning specified in section2.04(g). available amount"},{"term":"available amount","definition":" means, as at any date, the difference of (a)the aggregate net cash proceeds received after the closing date and on or prior to such date from equity issuances minus (b)the aggregate amount of investments made since the closing date pursuant to section8.02(p)(ii) minus (c)the aggregate amount of restricted payments made since the closing date pursuant to section8.06(f) minus (d)the aggregate amount of prepayments of subordinated indebtedness and senior unsecured indebtedness made since the closing date pursuant to section8.12(a)(iv). availability period"},{"term":"availability period","definition":" means, with respect to the revolving commitments, the period from and including the closing date to the earliest of (a)the maturity date, (b)the date of termination of the aggregate revolving commitments pursuant to section2.06 and (c)the date of termination of the commitment of each lender to make loans and of the obligation of the l/c issuer to make l/c credit extensions pursuant to section9.02.  3 bank of america"},{"term":"bank of america","definition":" means bank of america, n.a. and its successors. base rate"},{"term":"base rate","definition":" means for any day a fluctuating rate per annum equal to the highest of (a)the federal funds rate plus 1/2 of 1%, (b)the prime rate and (c)the eurodollar rate plus 1.00%; and if the base rate shall be less than zero, such rate shall be deemed zero for purposes of this agreement. base rate loan"},{"term":"base rate loan","definition":" means a loan that bears interest based on the base rate. borrower"},{"term":"borrower","definition":" has the meaning specified in the introductory paragraph hereto. borrower materials"},{"term":"borrower materials","definition":" has the meaning specified in section7.02. borrowing"},{"term":"borrowing","definition":" means a borrowing consisting of simultaneous loans of the same type and, in the case of eurodollar rate loans, having the same interest period made by each of the lenders pursuant to section2.01. business day"},{"term":"business day","definition":" means any day other than a saturday, sunday or other day on which commercial banks are authorized to close under the laws of, or are in fact closed in, the state where the administrative agents office is located and, if such day relates to any eurodollar rate loan or any base rate loan bearing interest at a rate based on the eurodollar rate, means any such day that is also a london banking day. businesses"},{"term":"businesses","definition":" has the meaning specified in section6.09(a). call options"},{"term":"call options","definition":" means call options, purchase rights or similar rights with respect to the equity interests of the borrower purchased by the borrower substantially concurrent with the issuance of indebtedness that is convertible into equity interests of the borrower (including the convertible subordinated notes) (including any rights of any counterparty to put any shares of equity interests to the borrower thereunder or any similar rights thereunder). capital lease"},{"term":"capital lease","definition":" means, as applied to any person, any lease of any property by that person as lessee that is required to be accounted for as a capital lease on the balance sheet of that person. cash collateralize"},{"term":"cash collateralize","definition":" means to pledge and deposit with or deliver to the administrative agent, for the benefit of one or more of the l/c issuer or the lenders, as collateral for l/c obligations or obligations of the lenders to fund participations in respect of l/c obligations, cash or deposit account balances or, if the administrative agent and the l/c issuer shall agree in their sole discretion, other credit support, in each case pursuant to documentation in form and substance reasonably satisfactory to the administrative agent and the l/c issuer. cash collateral"},{"term":"cash collateral","definition":" shall have a meaning correlative to the foregoing and shall include the proceeds of such cash collateral and other credit support. cash equivalents"},{"term":"cash equivalents","definition":" means, as at any date, (a)securities issued or directly and fully guaranteed or insured by the united states or any agency or instrumentality thereof (provided that the full faith and credit of the united states is pledged in support thereof) having maturities of not more than twelve months from the date of acquisition, (b)dollar denominated time deposits, bankers acceptances and certificates of deposit of (i)any revolving lender, (ii)any domestic commercial bank of recognized standing having capital and surplus in excess of $100,000,000 or (iii)any bank, trust company or national banking association whose short-term commercial paper rating from s&p is at least a-2 or the equivalent thereof or from moodys is at least p-2 or the equivalent thereof (any such bank being an approved bank"},{"term":"approved bank","definition":"), in each case with maturities of not more than twelve months from the date of acquisition, (c)commercial paper and variable or fixed rate  4 notes issued by any approved bank (or by the parent company thereof) and maturing within twelve months of the date of acquisition; (d)commercial paper issued by, or guaranteed by, any domestic company and rated a-2 (or the equivalent thereof) or better by s&p or p-2 (or the equivalent thereof) or better by moodys and maturing within twelve months of the date of acquisition; (e)variable or fixed rate notes and other debt instruments issued by, or guaranteed by, any domestic company and rated aaa (or the equivalent thereof) or better by s&p or aaa (or the equivalent thereof) or better by moodys and maturing within twelve months of the date of acquisition; (f)repurchase agreements entered into by any person with a bank or trust company (including any revolving lender) or recognized securities dealer having capital and surplus in excess of $100,000,000 for securities of the type described in clauses (a)and (b)above in which such person shall have a perfected first priority security interest (subject to no other liens) and having, on the date of purchase thereof, a fair market value of at least 100% of the amount of the repurchase obligations, (g)investments which are, unless the administrative agent otherwise consents, classified in accordance with gaap as current assets, in money market investment programs registered under the investment company act of 1940 which are administered by any revolving lender or reputable financial institutions having capital of at least $100,000,000 and which have a credit rating of a-1 or higher by s&p, or an equivalent credit rating by moodys or fitch, (h)auction rate securities having an auction date within one year after the date of acquisition which have a long term credit rating a or higher by s&p, or an equivalent credit rating by moodys or fitch, (i)investments in private placements which (i)seek to preserve principal, (ii)maintain a high degree of liquidity, (iii)invest in a diversified group of money market instruments and other short-term obligations, in each case which have the highest credit rating by any two of s&p, moodys and fitch, and (iv)generally maintain a dollar-weighted average portfolio maturity of 90 days or less, although the average portfolio maturity may extend to 120 days in the event of material redemption activity and (j)with respect to any foreign subsidiary, (i)direct obligations of, or obligations fully guaranteed by, any country (other than the united states) or any agency or instrumentality thereof; (ii)certificates of deposit issued by, or bankers acceptances of or promissory notes of, or time deposits or bearer note deposits with, any approved foreign bank; (iii)commercial paper issued by any approved foreign bank and maturing within twelve months of the date of acquisition; (iv)repurchase agreements entered into by any person with a bank or trust company (including any approved foreign bank) or recognized securities dealer having capital and surplus in excess of $100,000,000 for direct obligations issued by or fully guaranteed by any country (other than the united states) or any agency or instrumentality thereof in which such person shall have a perfected first priority security interest (subject to no other liens) and having, on the date of purchase thereof, a fair market value of at least 100% of the amount of the repurchase obligations; (v)commercial paper issued by, or guaranteed by, any foreign company and rated a-1 (or the equivalent thereof) or better by s&p or p-1 (or the equivalent thereof) or better by moodys (or, if neither s&p nor moodys shall rate such obligations at such time, by any nationally recognized rating agency in the relevant country) and maturing within twelve months of the date of acquisition; (vi)variable or fixed rate notes and other debt instruments issued by, or guaranteed by, any foreign company and rated aaa (or the equivalent thereof) or better by s&p or aaa (or the equivalent thereof) or better by moodys (or, if neither s&p nor moodys shall rate such obligations at such time, by any nationally recognized rating agency in the relevant country) and maturing within twelve months of the date of acquisition; and (vii)investments, classified in accordance with gaap as current assets, in money market investment programs which are administered by reputable financial institutions having capital of at least $100,000,000 and the portfolios of which are limited to investments of the character described in the foregoing subdivisions (i)through (vi). change in law"},{"term":"change in law","definition":" means the occurrence, after the date of this agreement, of any of the following: (a)the adoption or taking effect of any law, rule regulation or treaty, (b)any change in any law, rule, regulation or treaty or in the administration, interpretation, implementation or application thereof by any governmental authority or (c)the making or issuance of any request, rule, guideline or directive (whether or not having the force of law) by any governmental authority; provided that notwithstanding anything herein to the contrary, (i)the dodd frank wall street reform and consumer protection act and all requests, rules, guidelines or directives thereunder or issued in connection therewith and (ii)all  5 requests, rules, guidelines or directives promulgated by the bank for international settlements, the basel committee on banking supervision (or any successor or similar authority) or the united states or foreign regulatory authorities, in each case pursuant to basel iii, shall in each case be deemed to be a change in law"},{"term":"change in law","definition":", regardless of the date enacted, adopted or issued."},{"term":"change of control","definition":" means an event or series of events by which: (a) any person"},{"term":"person","definition":" or group"},{"term":"group","definition":" (as such terms are used in sections 13(d) and 14(d) of the securities exchange act of 1934, but excluding any employee benefit plan of such person or its subsidiaries, and any person or entity acting in its capacity as trustee, agent or other fiduciary or administrator of any such plan) becomes the beneficial owner"},{"term":"beneficial owner","definition":" (as defined in rules 13d-3 and 13d-5 under the securities exchange act of 1934, except that a person or group shall be deemed to have beneficial ownership"},{"term":"beneficial ownership","definition":" of all equity interests that such person or group has the right to acquire, whether such right is exercisable immediately or only after the passage of time (such right, an option right"},{"term":"option right","definition":")), directly or indirectly, of fifty percent (50%)or more of the equity interests of the borrower entitled to vote for members of the board of directors or equivalent governing body of the borrower on a fully diluted basis (and taking into account all such securities that such person or group has the right to acquire pursuant to any option right); or (b) during any period of 12 consecutive months, a majority of the members of the board of directors or other equivalent governing body of the borrower cease to be composed of individuals (i)who were members of that board or equivalent governing body on the first day of such period, (ii)whose election or nomination to that board or equivalent governing body was approved by individuals referred to in clause (i)above constituting at the time of such election or nomination at least a majority of that board or equivalent governing body or (iii)whose election or nomination to that board or other equivalent governing body was approved by individuals referred to in clauses (i)and (ii)above constituting at the time of such election or nomination at least a majority of that board or equivalent governing body (excluding, in the case of both clause (ii)and clause (iii), any individual whose initial nomination for, or assumption of office as, a member of that board or equivalent governing body occurs as a result of an actual solicitation of proxies or consents for the election or removal of one or more directors by any person or group other than a solicitation for the election of one or more directors by or on behalf of the board of directors). closing date"},{"term":"closing date","definition":" means october21, 2010. collateral"},{"term":"collateral","definition":" means a collective reference to all property with respect to which liens in favor of the administrative agent, for the benefit of itself and the other holders of the obligations, are purported to be granted pursuant to and in accordance with the terms of the collateral documents. collateral documents"},{"term":"collateral documents","definition":" means a collective reference to the security agreement and other security documents as may be executed and delivered by any loan party pursuant to the terms of section7.13. commitment"},{"term":"commitment","definition":" means, as to each lender, the revolving commitment of such lender and/or the term loan commitment of such lender. commitment fee"},{"term":"commitment fee","definition":" has the meaning specified in section2.09(a). commodity exchange act"},{"term":"commodity exchange act","definition":" means the commodity exchange act (7 u.s.c  1 et seq.), as amended from time to time, and any successor statute.  6 compliance certificate"},{"term":"compliance certificate","definition":" means a certificate substantially in the form of exhibit 7.02. consolidated ebitda"},{"term":"consolidated ebitda","definition":" means, for any period, for the borrower and its subsidiaries on a consolidated basis, an amount equal to the sum of (a)consolidated net income for such period plus (b)the following to the extent deducted in calculating such consolidated net income: (i)consolidated interest charges for such period, (ii)the provision for federal, state, local and foreign taxes based on income, profits or capital payable or accrued for such period, including, without limitation, franchise and similar taxes and foreign withholding taxes paid or accrued during such period including penalties and interest related to such taxes or arising from any tax examinations, (iii)the amount of depreciation and amortization expense for such period (including amortization of intangible assets and deferred financing fees or costs), (iv)extraordinary or non-recurring charges, expenses or losses, (v)other non-cash charges, expenses or losses, (vi)non-cash stock option and other equity-based compensation expenses, (vii)fees and expenses relating to this agreement, (viii)any net loss for such period attributable to the early extinguishment of indebtedness or to hedging obligations or other derivative instruments, (ix)any net loss from disposed, abandoned or discontinued operations, (x)the non-cash portion of straight-line rent expense to the extent not representing a future cash charge and (xi)fees and expenses incurred or any amortization thereof in connection with any acquisition, investment, recapitalization, asset disposition, issuance or repayment of debt, issuance of equity securities, refinancing transaction or amendment or other modification of any debt instrument (in each case, including any such transaction consummated prior to the closing date and any such transaction undertaken but not completed) and any charges or non-recurring merger costs incurred during such period as a result of any such transaction, in each case, to the extent not otherwise prohibited hereunder minus (c)the following to the extent added in calculating such consolidated net income: (i)extraordinary or non-recurring income or gains; (ii)any net gain for such period attributable to the early extinguishment of indebtedness or to hedging obligations or other derivative instruments; and (iii)any net gain from disposed, abandoned or discontinued operations. notwithstanding the forgoing, (i)consolidated ebitda shall be calculated without giving effect to the non-cash effects of purchase accounting or similar adjustments required or permitted by gaap in connection with any permitted acquisitions and (ii)consolidated ebitda shall be calculated on a pro forma basis to the extent set forth in section1.03(c) to give effect to, among other things, any permitted acquisition occurring after june30, 2010. consolidated ebitdar"},{"term":"consolidated ebitdar","definition":" means, for any period, for the borrower and its subsidiaries on a consolidated basis, an amount equal to the sum of (a)consolidated ebitda for such period plus (b)rent and lease expense for such period. consolidated fixed charge coverage ratio"},{"term":"consolidated fixed charge coverage ratio","definition":" means, as of any date of determination, the ratio of (a)consolidated ebitdar for the period of the four fiscal quarters most recently ended to (b)consolidated fixed charges for the period of the four fiscal quarters most recently ended. consolidated fixed charges"},{"term":"consolidated fixed charges","definition":" means, for any period, for the borrower and its subsidiaries on a consolidated basis, an amount equal to the sum of (a)the cash portion of consolidated interest charges for such period plus (b)the cash portion of rent and lease expense for such period plus (c)consolidated scheduled funded debt payments for such period plus(d) restricted payments made under section8.06(d) (other than all restricted payments made since the end of the most recent applicable period most recently ended prior to the date of such restricted payment if, at the time any such restricted payment is made, the consolidated total leverage ratio recomputed as of the end of such applicable period is less than 3.0:1.0 on a pro forma basis after giving effect to such restricted payment plus all other restricted payments made since the end of such applicable period). in calculating consolidated fixed charges for any measurement period ending prior to the first anniversary of the fifth amendment closing date, the cash portion of consolidated interest charges and the consolidated scheduled funded debt payments included in consolidated fixed charges for such measurement period shall be calculated for the period from the fifth amendment closing date to the end of the measurement period and annualized.  7 consolidated funded indebtedness"},{"term":"consolidated funded indebtedness","definition":" means funded indebtedness of the borrower and its subsidiaries on a consolidated basis. consolidated interest charges"},{"term":"consolidated interest charges","definition":" means, for any period, for the borrower and its subsidiaries on a consolidated basis, an amount equal to the sum of (a)all interest, premium payments, the amortization of original issue discount, fees, charges and related expenses in connection with borrowed money (including capitalized interest) or in connection with the deferred purchase price of assets, in each case to the extent treated as interest in accordance with gaap, plus (b)the portion of rent expense with respect to such period under capital leases that is treated as interest in accordance with gaap plus (c)the implied interest component of synthetic leases with respect to such period. consolidated net income"},{"term":"consolidated net income","definition":" means, for any period, for the borrower and its subsidiaries on a consolidated basis, net income (excluding extraordinary gains and losses) for such period. consolidated scheduled funded debt payments"},{"term":"consolidated scheduled funded debt payments","definition":" means for any period for the borrower and its subsidiaries on a consolidated basis, the sum of all scheduled payments of principal on consolidated funded indebtedness. for purposes of this definition, scheduled payments of principal"},{"term":"scheduled payments of principal","definition":" (a)shall be determined without giving effect to any reduction of such scheduled payments resulting from the application of any voluntary or mandatory prepayments made during the applicable period (except to the extent such voluntary or mandatory prepayment is applied to the remaining principal installments of the applicable indebtedness on a pro rata basis, in which case commencing in the fiscal quarter after the fiscal quarter in which such voluntary or mandatory prepayment is made scheduled payments of principal"},{"term":"scheduled payments of principal","definition":" shall be determined giving effect to any reduction of such scheduled payments resulting from the application of such voluntary or mandatory prepayment), (b)shall be deemed to include the attributable indebtedness, (c)shall not include any voluntary prepayments under, or mandatory prepayments required by, section2.05 and (d)shall not include any scheduled principal payments on the convertible subordinated notes. consolidated senior secured leverage ratio"},{"term":"consolidated senior secured leverage ratio","definition":" means as of any date of determination, the ratio of (a)consolidated funded indebtedness (other than (i)subordinated indebtedness and (ii)funded indebtedness that is not secured by a lien on any property of the borrower or any subsidiary) as of such date to (b)consolidated ebitda for the period of the four fiscal quarters most recently ended. consolidated total leverage ratio"},{"term":"consolidated total leverage ratio","definition":" means, as of any date of determination, the ratio of (a)consolidated funded indebtedness as of such date to (b)consolidated ebitda for the period of the four fiscal quarters most recently ended. contractual obligation"},{"term":"contractual obligation","definition":" means, as to any person, any provision of any written agreement, instrument or other undertaking to which such person is a party or by which it or any of its property is bound. control"},{"term":"control","definition":" means the possession, directly or indirectly, of the power to direct or cause the direction of the management or policies of a person, whether through the ability to exercise voting power, by contract or otherwise. controlling"},{"term":"controlling","definition":" and controlled"},{"term":"controlled","definition":" have meanings correlative thereto. without limiting the generality of the foregoing, a person shall be deemed to be controlled by another person if such other person possesses, directly or indirectly, power to vote 20% or more of the securities having ordinary voting power for the election of directors, managing general partners or the equivalent.  8 convertible subordinated note indenture"},{"term":"convertible subordinated note indenture","definition":" means the indenture dated as of may16, 2007 between the borrower, as issuer, and the bank of new york, as trustee, relating to the convertible subordinated notes. convertible subordinated notes"},{"term":"convertible subordinated notes","definition":" means the 2.125% convertible senior subordinated notes due 2014 issued by the borrower. credit extension"},{"term":"credit extension","definition":" means each of the following: (a)a borrowing and (b)an l/c credit extension. debt issuance"},{"term":"debt issuance","definition":" means the issuance by the borrower or any subsidiary of any indebtedness other than indebtedness permitted under section8.03. debtor relief laws"},{"term":"debtor relief laws","definition":" means the bankruptcy code of the united states, and all other liquidation, conservatorship, bankruptcy, assignment for the benefit of creditors, moratorium, rearrangement, receivership, insolvency, reorganization, or similar debtor relief laws of the united states or other applicable jurisdictions from time to time in effect and affecting the rights of creditors generally. default"},{"term":"default","definition":" means any event or condition that constitutes an event of default or that, with the giving of any notice, the passage of time, or both, would be an event of default. default rate"},{"term":"default rate","definition":" means (a)when used with respect to obligations other than letter of credit fees, an interest rate equal to (i)the base rate plus (ii)the applicable rate, if any, applicable to base rate loans plus (iii)2%per annum; provided, however, that with respect to a eurodollar rate loan, the default rate shall be an interest rate equal to the interest rate (including any applicable rate) otherwise applicable to such loan plus 2%per annum and (b)when used with respect to letter of credit fees, a rate equal to the applicable rate for revolving loans that are eurodollar rate loans plus 2%per annum. defaulting lender"},{"term":"defaulting lender","definition":" means, subject to section2.15(b), any lender that (a)has failed to (i)fund all or any portion of its loans within two business days of the date such loans were required to be funded hereunder unless such lender notifies the administrative agent and the borrower in writing that such failure is the result of such lenders good faith determination that one or more conditions precedent to funding (each of which conditions precedent, together with any applicable default, shall be specifically identified in such writing) has not been satisfied, or (ii)pay to the administrative agent, the l/c issuer, the swing line lender or any other lender any other amount required to be paid by it hereunder (including in respect of its participation in letters of credit or swing line loans) within two business days of the date when due, (b)has notified the borrower, the administrative agent, the l/c issuer or the swing line lender in writing that it does not intend or expect to comply with its funding obligations hereunder, or has made a public statement to that effect (unless such writing or public statement relates to such lenders obligation to fund a loan hereunder and states that such position is based on such lenders good faith determination that a condition precedent to funding (which condition precedent, together with any applicable default, shall be specifically identified in such writing or public statement) cannot be satisfied), (c)has failed, within three business days after written request by the administrative agent or the borrower, to confirm in writing to the administrative agent and the borrower that it will comply with its prospective funding obligations hereunder (provided that such lender shall cease to be a defaulting lender pursuant to this clause (c)upon receipt of such written confirmation by the administrative agent and the borrower), or (d)has, or has a direct or indirect parent company that has, (i)become the subject of a proceeding under any debtor relief law or (ii)had appointed for it a receiver, custodian, conservator, trustee, administrator, assignee for the benefit of creditors or similar person charged with reorganization or liquidation of its business or assets, including the federal deposit insurance corporation or any other state or federal regulatory authority acting in such a capacity; provided that a  9 lender shall not be a defaulting lender solely by virtue of the ownership or acquisition of any equity interest in that lender or any direct or indirect parent company thereof by a governmental authority so long as such ownership interest does not result in or provide such lender with immunity from the jurisdiction of courts within the united states or from the enforcement of judgments or writs of attachment on its assets or permit such lender (or such governmental authority) to reject, repudiate, disavow or disaffirm any contracts or agreements made with such lender. any determination by the administrative agent that a lender is a defaulting lender under any one or more of clauses (a)through (d)above, and of the effective date of such status, shall be conclusive and binding absent manifest error, and such lender shall be deemed to be a defaulting lender (subject to section2.15(b)) as of the date established therefor by the administrative agent in a written notice of such determination, which shall be delivered by the administrative agent to the borrower, the l/c issuer, the swing line lender and each other lender promptly following such determination. designated jurisdiction"},{"term":"designated jurisdiction","definition":" means any country or territory to the extent that such country or territory itself is the subject of any sanction. discounted optional prepayment"},{"term":"discounted optional prepayment","definition":" has the meaning specified in section2.05(b). discounted optional prepayment notice"},{"term":"discounted optional prepayment notice","definition":" has the meaning specified in section2.05(b). disposition"},{"term":"disposition","definition":" or dispose"},{"term":"dispose","definition":" means the sale, transfer, license, lease or other disposition of any property by the borrower or any subsidiary, including any sale and leaseback transaction and any sale, assignment, transfer or other disposal, with or without recourse, of any notes or accounts receivable or any rights and claims associated therewith, but excluding (a)the disposition of inventory in the ordinary course of business; (b)the disposition of machinery and equipment no longer used or useful in the conduct of business of the borrower and its subsidiaries in the ordinary course of business; (c)the disposition of property to the borrower or any subsidiary; provided, that if the transferor of such property is a loan party then the transferee thereof must be a loan party; (d)the disposition of accounts receivable in connection with the collection or compromise thereof; (e)licenses, sublicenses, leases or subleases granted to others not interfering in any material respect with the business of the borrower and its subsidiaries; (f)the sale or disposition of cash equivalents for fair market value; (g)any recovery event; (h)any merger, dissolution, liquidation or consolidation permitted by section8.04 (other than section8.04(e)); (i)dispositions of investments in joint ventures to the extent required by, or made pursuant to, customary buy/sell arrangements between the joint venture parties set forth in, joint venture arrangements and similar binding arrangements; and (j)the contemporaneous exchange, in the ordinary course of business, of property for property of a like kind, to the extent that the property received in such exchange is of a value equivalent to the value of the property exchanged. for purposes of clarification, (x)a restricted payment shall not constitute a disposition and (y)an investment shall not constitute a disposition. dollar"},{"term":"dollar","definition":" and $"},{"term":"$","definition":" mean lawful money of the united states. domestic subsidiary"},{"term":"domestic subsidiary","definition":" means any subsidiary that is organized under the laws of any state of the united states or the district of columbia. eligible assignee"},{"term":"eligible assignee","definition":" means any person that meets the requirements to be an assignee under sections 11.06(b)(iii) and (v)(subject to such consents, if any, as may be required under section11.06(b)(iii)). environmental laws"},{"term":"environmental laws","definition":" means any and all federal, state, local, foreign and other applicable statutes, laws, regulations, ordinances, rules, judgments, orders, decrees, permits, concessions, grants,  10 franchises, licenses, agreements or governmental restrictions relating to pollution and the protection of the environment or the release of any materials into the environment, including those related to hazardous substances or wastes, air emissions and discharges to waste or public systems. environmental liability"},{"term":"environmental liability","definition":" means any liability, contingent or otherwise (including any liability for damages, costs of environmental remediation, fines, penalties or indemnities), of the borrower or any subsidiary directly or indirectly resulting from or based upon (a)violation of any environmental law, (b)the generation, use, handling, transportation, storage, treatment or disposal of any hazardous materials, (c)exposure to any hazardous materials, (d)the release or threatened release of any hazardous materials into the environment or (e)any contract, agreement or other consensual arrangement pursuant to which liability is assumed or imposed with respect to any of the foregoing. equity interests"},{"term":"equity interests","definition":" means, with respect to any person, all of the shares of capital stock of (or other ownership or profit interests in) such person, all of the warrants, options or other rights for the purchase or acquisition from such person of shares of capital stock of (or other ownership or profit interests in) such person, all of the securities convertible into or exchangeable for shares of capital stock of (or other ownership or profit interests in) such person or warrants, rights or options for the purchase or acquisition from such person of such shares (or such other interests), and all of the other ownership or profit interests in such person (including partnership, member or trust interests therein), whether voting or nonvoting, and whether or not such shares, warrants, options, rights or other interests are outstanding on any date of determination. equity issuance"},{"term":"equity issuance","definition":" means any issuance by the borrower of its equity interests to any person, other than (a)any issuance of its equity interests pursuant to the exercise of options or warrants, (b)any issuance of its equity interests pursuant to the conversion of any debt securities to equity or the conversion of any class of equity securities to any other class of equity securities, (c)any issuance of options or warrants relating to its equity interests and (d)any issuance of its equity interests as consideration for a permitted acquisition. erisa"},{"term":"erisa","definition":" means the employee retirement income security act of 1974. erisa affiliate"},{"term":"erisa affiliate","definition":" means any trade or business (whether or not incorporated) under common control with a loan party within the meaning of section414(b) or (c)of the internal revenue code (and sections 414(m) and (o)of the internal revenue code for purposes of provisions relating to section412 of the internal revenue code). erisa event"},{"term":"erisa event","definition":" means (a)a reportable event with respect to a pension plan; (b)the withdrawal of a loan party or any erisa affiliate from a pension plan subject to section4063 of erisa during a plan year in which such entity was a substantial employer (as defined in section4001(a)(2) of erisa) or a cessation of operations that is treated as such a withdrawal under section4062(e) of erisa; (c)a complete or partial withdrawal by a loan party or any erisa affiliate from a multiemployer plan or notification that a multiemployer plan is in reorganization; (d)the filing of a notice of intent to terminate, the treatment of a pension plan amendment as a termination under section4041 or 4041a of erisa, or the institution by the pbgc of proceedings to terminate a pension plan; (e)any event or condition which constitutes grounds under section4042 of erisa for the termination of, or the appointment of a trustee to administer, any pension plan; (f)the determination by a governmental authority that any pension plan is considered an at-risk plan or a plan in endangered or critical status within the meaning of sections 430, 431 and 432 of the internal revenue code or sections 303, 304 and 305 of erisa; or (g)the imposition of any liability under title iv of erisa, other than for pbgc premiums due but not delinquent under section4007 of erisa, upon any loan party or any erisa affiliate.  11 eurodollar rate"},{"term":"eurodollar rate","definition":" means (a) for any interest period with respect to a eurodollar rate loan, the rate per annum equal to the london interbank offered rate (libor"},{"term":"libor","definition":") or a comparable or successor rate, which rate is approved by the administrative agent, as published by bloomberg (or such other commercially available source providing such quotations as may be designated by the administrative agent from time to time) (in such case, the libor rate"},{"term":"libor rate","definition":") at approximately 11:00 a.m., london time, two business days prior to the commencement of such interest period, for dollar deposits (for delivery on the first day of such interest period) with a term equivalent to such interest period; and (b) for any interest calculation with respect to a base rate loan on any date, the rate per annum equal to the libor rate, at approximately 11:00 a.m., london time determined two business days prior to such date for dollar deposits with a term of one month commencing that day; provided that (i)to the extent a comparable or successor rate is approved by the administrative agent in connection herewith, the approved rate shall be applied in a manner consistent with market practice; provided, further that to the extent such market practice is not administratively feasible for the administrative agent, such approved rate shall be applied as otherwise reasonably determined by the administrative agent and (ii)if the eurodollar rate shall be less than zero, such rate shall be deemed zero for purposes of this agreement. eurodollar rate loan"},{"term":"eurodollar rate loan","definition":" means a loan that bears interest at a rate based on clause (a)of the definition of eurodollar rate"},{"term":"eurodollar rate","definition":". event of default"},{"term":"event of default","definition":" has the meaning specified in section9.01. excluded property"},{"term":"excluded property","definition":" means, with respect to any loan party, (a)any owned or leased real property or any other interest in real property; (b)any personal property (including, without limitation, motor vehicles) in respect of which the attachment or perfection of a lien is not either (i)governed by the uniform commercial code or (ii)effected by appropriate evidence of the lien being filed in any of the united states copyright office, the united states patent and trademark office, the canadian copyright office and the canadian patent and trademark office, unless requested by the administrative agent or the required lenders after the closing date; (c)any property if the grant of a security interest therein is prohibited by applicable law; (d)any property if the grant of a security interest therein requires any consent, approval, license or authorization of any governmental authority unless (i)such consent, approval, license or authorization has been received or (ii)such requirement is rendered ineffective pursuant to the uniform commercial code or any other applicable law (it being understood that (i)if any such consent, approval, license or authorization of any governmental authority is required, then the applicable loan party agrees to use commercially reasonable efforts to obtain such consent, approval, license or authorization and (ii)for purposes of clarification, this clause (d)shall not exclude accounts receivable arising from amounts due by the u.s. government or any department or agency thereof); (e)equity interests in any person that is not a wholly owned subsidiary to the extent the grant of a security interest in such equity interests is prohibited by the organization documents of such person; (f)any property which, subject to the terms of section8.09, is subject to a lien of the type described in section8.01(i), (q), (v)or (x)pursuant to documents which prohibit such loan party from granting any other liens in such property; (g)any lease, license or other agreement to the extent that a grant of a security interest therein would violate or invalidate such lease, license or agreement or create a right of termination in favor of any other party thereto (other than the borrower or any subsidiary) after giving effect to the applicable anti-assignment provisions of the uniform commercial code or other applicable  12 law, other than proceeds and receivables thereof the assignment of which is expressly deemed effective under the uniform commercial code notwithstanding such prohibition; (h)the equity interests of any foreign subsidiary to the extent not required to be pledged to secure the obligations pursuant to section7.13(a); (i)any property as to which the administrative agent and the borrower agree that the cost of obtaining a security interest in such property or perfecting a security interest in such property is excessive in relation to the benefit to the lenders of the security to be afforded thereby; and (j)any property to the extent the granting of a security interest in such property would result in material adverse tax consequences to the borrower or any of its subsidiaries as determined by the administrative agent in its sole discretion. excluded subsidiary"},{"term":"excluded subsidiary","definition":" means (a)any foreign subsidiary holding company, (b)each domestic subsidiary that is a subsidiary of a foreign subsidiary and (c)each domestic subsidiary to the extent that (i)such domestic subsidiary is prohibited by any applicable law from guaranteeing the obligations or (ii)any consent, approval, license or authorization of any governmental authority is required in order for such domestic subsidiary to become a guarantor and such consent, approval, license or authorization has not been received (if any consent, approval, license or authorization of any governmental authority is required in order for any domestic subsidiary to become a guarantor, then such domestic subsidiary agrees to use commercially reasonable efforts to obtain such consent, approval, license or authorization). excluded swap obligations"},{"term":"excluded swap obligations","definition":" means, with respect to any guarantor, any swap obligation if, and to the extent that, all or a portion of the guaranty of such guarantor of, or the grant by such guarantor of a security interest to secure, such swap obligation (or any guarantee thereof) is or becomes illegal under the commodity exchange act or any rule, regulation or order of the commodity futures trading commission (or the application or official interpretation of any thereof) by virtue of such guarantors failure for any reason to constitute an eligible contract participant"},{"term":"eligible contract participant","definition":" as defined in the commodity exchange act (determined after giving effect to section4.09 and any other keepwell, support or other agreement"},{"term":"keepwell, support or other agreement","definition":" for the benefit of such guarantor and any and all guarantees of such guarantors swap obligations by other loan parties) at the time the guaranty of such guarantor, or a grant by such guarantor of a security interest, becomes effective with respect to such swap obligation. if a swap obligation arises under a master agreement governing more than one swap contract, such exclusion shall apply only to the portion of such swap obligation that is attributable to swap contracts for which such guaranty or security interest is or becomes excluded in accordance with the first sentence of this definition. excluded taxes"},{"term":"excluded taxes","definition":" means, with respect to the administrative agent, any lender, the l/c issuer or any other recipient of any payment to be made by or on account of any obligation of the borrower hereunder, (a)taxes imposed on or measured by its net income (however denominated), and franchise taxes imposed on it (in lieu of net income taxes), by the jurisdiction (or any political subdivision thereof) under the laws of which such recipient is organized or in which its principal office is located or, in the case of any lender, in which its applicable lending office is located, or as a result of a present or former connection between the lender and the jurisdiction imposing such tax (other than a present or former connection arising as a direct result of entering into, or being a party to or enforcing its rights under any of the loan documents), (b)any branch profits taxes imposed by the united states or any similar tax imposed by any other jurisdiction described in clause (a), (c)any backup withholding tax that is required by the internal revenue code to be withheld from amounts payable to a lender that has failed to comply with clause (a)of section3.01(e)(ii), (d)in the case of a foreign lender (other than an assignee pursuant to a request by the borrower under section11.13), any united states withholding tax that (i)is required to be imposed on amounts payable to such foreign lender pursuant to the laws in force at the time such foreign lender becomes a party hereto (or designates a new lending office) or (ii)is attributable to such foreign lenders failure or inability (other than as a result of a change in law after the date the foreign lender becomes a party hereto) to comply with clause (b)of section3.01(e)(ii), except to the extent that  13 such foreign lender (or its assignor, if any) was entitled, at the time of designation of a new lending office (or assignment), to receive additional amounts from the borrower with respect to such withholding tax pursuant to section3.01(a)(ii) or (c), (e)any united states withholding tax that is imposed pursuant to fatca and (f)interest and penalties with respect to the taxes referred to in clauses (a)through (e). existing indebtedness"},{"term":"existing indebtedness","definition":" has the meaning specified in section5.01. existing letters of credit"},{"term":"existing letters of credit","definition":" means those letters of credit outstanding on the fifth amendment closing date and identified on schedule 2.03. facilities"},{"term":"facilities","definition":" has the meaning specified in section6.09(a). fasb asc"},{"term":"fasb asc","definition":" means the accounting standards codification of the financial accounting standards board. fatca"},{"term":"fatca","definition":" means sections 1471 through 1474 of the internal revenue code, as of the date of this agreement (or any amended or successor version that is substantively comparable and not materially more onerous to comply with), any current or future regulations or official interpretations thereof and any agreements entered into pursuant to section1471(b)(1) of the internal revenue code and any intergovernmental agreements entered into in connection with the foregoing. federal funds rate"},{"term":"federal funds rate","definition":" means, for any day, the rate per annum equal to the weighted average of the rates on overnight federal funds transactions with members of the federal reserve system arranged by federal funds brokers on such day, as published by the federal reserve bank of new york on the business day next succeeding such day; provided that (a)if such day is not a business day, the federal funds rate for such day shall be such rate on such transactions on the next preceding business day as so published on the next succeeding business day, and (b)if no such rate is so published on such next succeeding business day, the federal funds rate for such day shall be the average rate (rounded upward, if necessary, to a whole multiple of 1/100 of 1%) charged to bank of america on such day on such transactions as determined by the administrative agent. fee letter"},{"term":"fee letter","definition":" means each of the following (individually or collectively, as the context may require): (a)the letter agreement dated october18, 2013 among the borrower, the arrangers, bank of america, jpmorgan chase bank, n.a., wells fargo bank, national association, royal bank of canada, suntrust bank and pnc bank, national association and (b)the letter agreement dated october18, 2013 among the borrower, mlpfs and bank of america. fifth amendment closing date"},{"term":"fifth amendment closing date","definition":" means november15, 2013. first tier foreign subsidiaries"},{"term":"first tier foreign subsidiaries","definition":" has the meaning specified in section7.13(a)(ii). fitch"},{"term":"fitch","definition":" means fitch, inc and any successors thereto. foreign acquisition"},{"term":"foreign acquisition","definition":" means an acquisition of a person that is not organized under the laws of a state of the united states of america or the district of columbia (or, in the case of an acquisition of property of a person, property that is not located in the united states of america). foreign lender"},{"term":"foreign lender","definition":" means any lender that is organized under the laws of a jurisdiction other than that in which the borrower is resident for tax purposes (including such a lender when acting in the capacity of the l/c issuer). for purposes of this definition, the united states, each state thereof and the district of columbia shall be deemed to constitute a single jurisdiction.  14 foreign subsidiary"},{"term":"foreign subsidiary","definition":" means any subsidiary that is not a domestic subsidiary. foreign subsidiary holding company"},{"term":"foreign subsidiary holding company","definition":" means any subsidiary which is a domestic subsidiary substantially all of the assets of which consist of the equity interests of one or more foreign subsidiaries. foreign subsidiary indebtedness"},{"term":"foreign subsidiary indebtedness","definition":" has the meaning specified in section8.03. frb"},{"term":"frb","definition":" means the board of governors of the federal reserve system of the united states. fronting exposure"},{"term":"fronting exposure","definition":" means, at any time there is a defaulting lender, (a)with respect to the l/c issuer, such defaulting lenders applicable percentage of the outstanding l/c obligations other than l/c obligations as to which such defaulting lenders participation obligation has been reallocated to other lenders or cash collateralized in accordance with the terms hereof, and (b)with respect to the swing line lender, such defaulting lenders applicable percentage of swing line loans other than swing line loans as to which such defaulting lenders participation obligation has been reallocated to other lenders. fund"},{"term":"fund","definition":" means any person (other than a natural person) that is (or will be) engaged in making, purchasing, holding or otherwise investing in commercial loans and similar extensions of credit in the ordinary course of its activities. funded indebtedness"},{"term":"funded indebtedness","definition":" means, as to any person at a particular time, without duplication, all of the following, whether or not included as indebtedness or liabilities in accordance with gaap: (a) all obligations, whether current or long-term, for borrowed money (including the obligations (other than obligations under swap contracts)) and all obligations evidenced by bonds, debentures, notes, loan agreements or other similar instruments; (b) all purchase money indebtedness; (c) the principal portion of all obligations under conditional sale or other title retention agreements relating to property purchased by such person (other than customary reservations or retentions of title under agreements with suppliers entered into in the ordinary course of business); (d) the maximum amount available to be drawn under standby letters of credit, bankers acceptances, bank guaranties and similar instruments; (e) all obligations in respect of the deferred purchase price of property or services (other than trade accounts payable in the ordinary course of business); (f) the attributable indebtedness of capital leases, sale and leaseback transactions, synthetic leases and securitization transactions; (g) all obligations to purchase, redeem, retire, defease or otherwise make any payment prior to the maturity date in respect of any equity interests, valued, in the case of a redeemable preferred interest, at the greater of its voluntary or involuntary liquidation preference plus accrued and unpaid dividends;  15 (h) all funded indebtedness of others secured by (or for which the holder of such funded indebtedness has an existing right, contingent or otherwise, to be secured by) any lien on, or payable out of the proceeds of production from, property owned or acquired by such person, whether or not the obligations secured thereby have been assumed; provided that for purposes hereof, the outstanding amount any funded indebtedness under this clause (h)shall be deemed to be the lesser of the principal amount of such funded indebtedness and the fair market value of the property subject to any such lien; (i) all guarantees with respect to funded indebtedness of the types specified in clauses (a)through (h)above of another person; and (j) all funded indebtedness of the types referred to in clauses (a)through (i)above of any partnership or joint venture (other than a joint venture that is itself a corporation or limited liability company) in which such person is a general partner or joint venturer, except to the extent that funded indebtedness is expressly made non-recourse to or otherwise limits the liability of such person; provided that funded indebtedness shall not include (a)trade and other ordinary course payables and accrued expenses arising in the ordinary course of business, (b)prepaid or deferred revenue arising in the ordinary course of business, (c)purchase price holdbacks arising in the ordinary course of business in respect of a portion of the purchase price of an asset to satisfy unperformed obligations of the seller of such asset, (d)purchase price holdbacks arising in connection with an acquisition until such purchase price holdbacks become a liability on the balance sheet of such person in accordance with gaap and (e)earn-out obligations until such obligations become a liability on the balance sheet of such person in accordance with gaap. gaap"},{"term":"gaap","definition":" means generally accepted accounting principles in the united states set forth in the opinions and pronouncements of the accounting principles board and the american institute of certified public accountants and statements and pronouncements of the financial accounting standards board, or such other principles as may be approved by a significant segment of the accounting profession in the united states, that are applicable to the circumstances as of the date of determination, consistently applied. governmental authority"},{"term":"governmental authority","definition":" means the government of the united states or any other nation, or of any political subdivision thereof, whether state or local, and any agency, authority, instrumentality, regulatory body, court, central bank or other entity exercising executive, legislative, judicial, taxing, regulatory or administrative powers or functions of or pertaining to government (including any supra-national bodies such as the european union or the european central bank). guarantee"},{"term":"guarantee","definition":" means, as to any person, (a)any obligation, contingent or otherwise, of such person guaranteeing or having the economic effect of guaranteeing any indebtedness or other obligation payable or performable by another person (the primary obligor"},{"term":"primary obligor","definition":") in any manner, whether directly or indirectly, and including any obligation of such person, direct or indirect, (i)to purchase or pay (or advance or supply funds for the purchase or payment of) such indebtedness or other obligation, (ii)to purchase or lease property, securities or services for the purpose of assuring the obligee in respect of such indebtedness or other obligation of the payment or performance of such indebtedness or other obligation, (iii)to maintain working capital, equity capital or any other financial statement condition or liquidity or level of income or cash flow of the primary obligor so as to enable the primary obligor to pay such indebtedness or other obligation, or (iv)entered into for the purpose of assuring in any other manner the obligee in respect of such indebtedness or other obligation of the payment or performance thereof or to protect such obligee against loss in respect thereof (in whole or in part), or (b)any lien on any assets of  16 such person securing any indebtedness or other obligation of any other person, whether or not such indebtedness or other obligation is assumed by such person (or any right, contingent or otherwise, of any holder of such indebtedness to obtain any such lien). the amount of any guarantee shall be deemed to be an amount equal to the stated or determinable amount of the related primary obligation, or portion thereof, in respect of which such guarantee is made or, if not stated or determinable, the maximum reasonably anticipated liability in respect thereof as determined by the guaranteeing person in good faith. the term guarantee"},{"term":"guarantee","definition":" as a verb has a corresponding meaning. guarantors"},{"term":"guarantors","definition":" means, collectively, (a)each domestic subsidiary identified as a guarantor"},{"term":"guarantor","definition":" on the signature pages hereto, (b)each person that joins as a guarantor pursuant to section7.12 or otherwise, (c)with respect to (i)obligations under any swap contract between any subsidiary and any lender or affiliate of a lender that is permitted to be incurred pursuant to section8.03(d) and obligations under any treasury management agreement between any subsidiary and any lender or affiliate of a lender, the borrower, and (ii)the payment and performance by each specified loan party of its obligations under its guaranty with respect to all swap obligations, the borrower and (d)the successors and permitted assigns of the foregoing; provided that, for the avoidance doubt, no excluded subsidiary shall be required to become a guarantor hereunder unless the borrower, in its discretion, causes such subsidiary to become a guarantor on or after the date hereof in accordance with the terms hereof. guaranty"},{"term":"guaranty","definition":" means the guaranty made by the guarantors in favor of the administrative agent and the lenders pursuant to article iv. hazardous materials"},{"term":"hazardous materials","definition":" means all explosive or radioactive substances or wastes and all hazardous or toxic substances, wastes or other pollutants, including petroleum or petroleum distillates, asbestos or asbestos-containing materials, polychlorinated biphenyls, radon gas, infectious or medical wastes and all other substances or wastes of any nature regulated pursuant to any environmental law. honor date"},{"term":"honor date","definition":" has the meaning set forth in section2.03(c). incremental facilities"},{"term":"incremental facilities","definition":" has the meaning specified in section2.16(a). incremental facility amendment"},{"term":"incremental facility amendment","definition":" has the meaning specified in section2.16(a). incremental facility commitment"},{"term":"incremental facility commitment","definition":" means a commitment to an incremental facility. incremental revolving facility"},{"term":"incremental revolving facility","definition":" has the meaning specified in section2.16(a). incremental revolving increase"},{"term":"incremental revolving increase","definition":" has the meaning specified in section2.16(a). incremental term facility"},{"term":"incremental term facility","definition":" has the meaning specified in section2.16(a). indebtedness"},{"term":"indebtedness","definition":" means, as to any person at a particular time, without duplication, all of the following, whether or not included as indebtedness or liabilities in accordance with gaap: (a) all funded indebtedness; (b) the swap termination value of any swap contract; (c) the maximum amount available to be drawn under commercial letters of credit, surety bonds and similar instruments;  17 (d) all guarantees with respect to outstanding indebtedness of the types specified in clauses (a)and (b)above of any other person; and (e) all indebtedness of the types referred to in clauses (a)through (c)above of any partnership or joint venture (other than a joint venture that is itself a corporation or limited liability company) in which such person is a general partner or joint venturer, unless such indebtedness is expressly made non-recourse to or otherwise limits the liability of such person. indemnified taxes"},{"term":"indemnified taxes","definition":" means taxes other than excluded taxes. indemnitees"},{"term":"indemnitees","definition":" has the meaning specified in section11.04(b). information"},{"term":"information","definition":" has the meaning specified in section11.07. initial revolving facility"},{"term":"initial revolving facility","definition":" means the revolving facility established pursuant to section2.01(a). intercompany indebtedness"},{"term":"intercompany indebtedness","definition":" means any indebtedness owing by a loan party to another loan party. interest payment date"},{"term":"interest payment date","definition":" means (a)as to any eurodollar rate loan, the last day of each interest period applicable to such loan and the maturity date; provided, however, that if any interest period for a eurodollar rate loan exceeds three months, the respective business days that fall every three months after the beginning of such interest period shall also be interest payment dates; and (b)as to any base rate loan (including a swing line loan), the last business day of each march, june, september and december and the maturity date. interest period"},{"term":"interest period","definition":" means, as to each eurodollar rate loan, the period commencing on the date such eurodollar rate loan is disbursed or converted to or continued as a eurodollar rate loan and ending on the date one, two, three or six months (or, if available to all lenders making or maintaining the applicable eurodollar rate loan, nine or twelve months) thereafter (subject to availability), as selected by the borrower in its loan notice; provided that: (a) any interest period that would otherwise end on a day that is not a business day shall be extended to the next succeeding business day unless such business day falls in another calendar month, in which case such interest period shall end on the next preceding business day; (b) any interest period that begins on the last business day of a calendar month (or on a day for which there is no numerically corresponding day in the calendar month at the end of such interest period) shall end on the last business day of the calendar month at the end of such interest period; and (c) no interest period shall extend beyond the maturity date. interim financial statements"},{"term":"interim financial statements","definition":" means the unaudited consolidated financial statements of the borrower and its subsidiaries for the fiscal quarter ending september30, 2013, including balance sheets and statements of income or operations, shareholders equity and cash flows. internal revenue code"},{"term":"internal revenue code","definition":" means the internal revenue code of 1986. investment"},{"term":"investment","definition":" means, as to any person, any acquisition or investment by such person, whether by means of (a)the purchase or other acquisition of equity interests of another person, (b)a loan, advance or  18 capital contribution to, guarantee or assumption of debt of, or purchase or other acquisition of any other debt or equity participation or interest in, another person, or (c)an acquisition. for purposes of covenant compliance, the amount of any investment shall be the amount actually invested less any returns on such investment (not to exceed the original amount invested), but without adjustment for subsequent increases or decreases in the value of such investment. ip rights"},{"term":"ip rights","definition":" has the meaning specified in section6.17. irs"},{"term":"irs","definition":" means the united states internal revenue service. isp"},{"term":"isp","definition":" means, with respect to any letter of credit, the international standby practices 1998"},{"term":"international standby practices 1998","definition":" published by the institute of international banking law& practice, inc. (or such later version thereof as may be in effect at the time of issuance). issuer documents"},{"term":"issuer documents","definition":" means with respect to any letter of credit, the letter of credit application, and any other document, agreement and instrument entered into by the l/c issuer and the borrower (or any subsidiary) or in favor of the l/c issuer and relating to such letter of credit. joinder agreement"},{"term":"joinder agreement","definition":" means a joinder agreement substantially in the form of exhibit 7.12 executed and delivered by a domestic subsidiary in accordance with the provisions of section7.12. joint venture"},{"term":"joint venture","definition":" means any person in which the borrower or any subsidiary owns equity interests other than any such person that is a subsidiary. laws"},{"term":"laws","definition":" means, collectively, all international, foreign, federal, state and local statutes, treaties, rules, guidelines, regulations, ordinances, codes and administrative or judicial precedents or authorities, including the interpretation or administration thereof by any governmental authority charged with the enforcement, interpretation or administration thereof, and all applicable administrative orders, directed duties, requests, licenses, authorizations and permits of, and agreements with, any governmental authority, in each case whether or not having the force of law. l/c advance"},{"term":"l/c advance","definition":" means, with respect to each revolving lender, such lenders funding of its participation in any l/c borrowing in accordance with its applicable percentage. l/c borrowing"},{"term":"l/c borrowing","definition":" means an extension of credit resulting from a drawing under any letter of credit which has not been reimbursed on the date when made or refinanced as a borrowing of revolving loans. l/c credit extension"},{"term":"l/c credit extension","definition":" means, with respect to any letter of credit, the issuance thereof or extension of the expiry date thereof, or the increase of the amount thereof. l/c issuer"},{"term":"l/c issuer","definition":" means each of (a)bank of america in its capacity as issuer of letters of credit hereunder, (b)any other revolving lender that upon request of the borrower agrees to issue one or more letters of credit hereunder and (c)any successor issuer of letters of credit hereunder. the term l/c issuer"},{"term":"l/c issuer","definition":" when used with respect to a letter of credit or the l/c obligations relating to a letter of credit shall refer to the l/c issuer that issued such letter of credit. l/c obligations"},{"term":"l/c obligations","definition":" means, as at any date of determination, the aggregate amount available to be drawn under all outstanding letters of credit plus the aggregate of all unreimbursed amounts, including all l/c borrowings. for purposes of computing the amount available to be drawn under any letter of credit, the amount of such letter of credit shall be determined in accordance with section1.06. for all  19 purposes of this agreement, if on any date of determination a letter of credit has expired by its terms but any amount may still be drawn thereunder by reason of the operation of rule 3.14 of the isp, such letter of credit shall be deemed to be outstanding"},{"term":"outstanding","definition":" in the amount so remaining available to be drawn. lender participation notice"},{"term":"lender participation notice","definition":" has the meaning specified in section2.05(b). lenders"},{"term":"lenders","definition":" means each of the persons identified as a lender"},{"term":"lender","definition":" on the signature pages hereto, each other person that becomes a lender"},{"term":"lender","definition":" in accordance with this agreement and their successors and permitted assigns and, as the context requires, includes the swing line lender. lending office"},{"term":"lending office","definition":" means, as to any lender, the office or offices of such lender described as such in such lenders administrative questionnaire, or such other office or offices as a lender may from time to time notify the borrower and the administrative agent, which office may include any affiliate of such lender or any domestic or foreign branch of such lender or such affiliate. unless the context otherwise requires, each reference to a lender shall include its applicable lending office. letter of credit"},{"term":"letter of credit","definition":" means any standby letter of credit issued hereunder and shall include the existing letters of credit. letter of credit application"},{"term":"letter of credit application","definition":" means an application and agreement for the issuance or amendment of a letter of credit in the form from time to time in use by the l/c issuer. letter of credit expiration date"},{"term":"letter of credit expiration date","definition":" means the day that is three days prior to the maturity date then in effect (or, if such day is not a business day, the next preceding business day). letter of credit fee"},{"term":"letter of credit fee","definition":" has the meaning specified in section2.03(h). letter of credit sublimit"},{"term":"letter of credit sublimit","definition":" means an amount equal to the lesser of (a)the aggregate revolving commitments and (b)$25million. the letter of credit sublimit is part of, and not in addition to, the aggregate revolving commitments. lien"},{"term":"lien","definition":" means any mortgage, pledge, hypothecation, assignment, deposit arrangement, encumbrance, lien (statutory or other), charge, or preference, priority or other security interest or preferential arrangement in the nature of a security interest of any kind or nature whatsoever (including any conditional sale or other title retention agreement, any easement, right of way or other encumbrance on title to real property, and any financing lease having substantially the same economic effect as any of the foregoing). liquidity"},{"term":"liquidity","definition":" means the sum of (a)all cash and cash equivalents of the borrower and its subsidiaries on such date that (i)do not appear (or would not be required to appear) as restricted"},{"term":"restricted","definition":" on a consolidated balance sheet of the borrower and its subsidiaries and (ii)are not subject to a lien of the type described in sections 8.01(p), (q), (s), (u), (v)and (y)) plus (b)availability under the aggregate revolving commitments plus (c)the aggregate amount available to be borrowed by the borrower or any subsidiary under any revolving credit facility or similar financing arrangement (other than the credit agreement). loan"},{"term":"loan","definition":" means an extension of credit by a lender to the borrower under article ii in the form of a revolving loan, swing line loan or the term loan.  20 loan documents"}]}